[
  {"items": 5, "address": "140 Broadway, New York, NY 11101", "total": 38, "date": "May 15, 2016"},
  {"items": 7, "address": "2 Washington St, New York, NY 10004", "total": 92, "date": "Jun 21, 2016"},
  {"items": 2, "address": "13 Spring St New York, NY 10012", "total": 34, "date": "Jul 16, 2016"},
  {"items": 9, "address": "19 E Houston St New York, NY 10012", "total": 85, "date": "Feb 28, 2016"},
  {"items": 12, "address": "50 W 17 @5th Ave, New York, NY 10001", "total": 19, "date": "Mar 30, 2016"},
  {"items": 3, "address": "867 Broadway New York, NY 10003", "total": 21, "date": "May 05, 2016"},
  {"items": 9, "address": "140 Broadway, NY. 11101", "total": 52, "date": "Dec 10, 2015"},
  {"items": 2, "address": "140 Broadway, NY. 11101", "total": 96, "date": "Nov 24, 2015"},
]
