
{"results":[{"gender":"male","name":{"title":"mr","first":"john","last":"smith"},"location":{"street":"4819 abanoz sk","city":"hatay","state":"hakkâri","postcode":48959},"email":"barış.keseroğlu@example.com","login":{"username":"smalllion842","password":"glock","salt":"7OWkjawM","md5":"d0205f58c4cdcdb1e6abd35b03a2dd8d","sha1":"8d2570f7ea407be271471079c835e4309775f9b1","sha256":"8e3020335019258594789eebc01cf2039a4a544c72845c18e7bfcb6533ca9fc5"},"dob":"1992-03-14 01:45:42","registered":"2004-11-10 22:10:10","phone":"(283)-294-7253","cell":"(905)-002-6321","id":{"name":"","value":null},"picture":{"large":"https://randomuser.me/api/portraits/men/18.jpg","medium":"https://randomuser.me/api/portraits/med/men/18.jpg","thumbnail":"https://randomuser.me/api/portraits/thumb/men/18.jpg"},"nat":"TR"},{"gender":"female","name":{"title":"mrs","first":"pinja","last":"murto"},"location":{"street":"6459 korkeavuorenkatu","city":"malax","state":"central finland","postcode":12381},"email":"pinja.murto@example.com","login":{"username":"organicmouse476","password":"becker","salt":"VMuzsSzi","md5":"9090a808b439350e7006ca52187936c7","sha1":"36fad1d71fdb4edd8c92a94f72ed068af4b64d13","sha256":"9c69e8dbc656f1c0335372940c8800fc60b7459be49f9816d4ba0448234b102e"},"dob":"1948-05-01 19:24:02","registered":"2015-12-26 12:54:28","phone":"07-034-187","cell":"045-178-78-71","id":{"name":"HETU","value":"1048-570U"},"picture":{"large":"https://randomuser.me/api/portraits/women/56.jpg","medium":"https://randomuser.me/api/portraits/med/women/56.jpg","thumbnail":"https://randomuser.me/api/portraits/thumb/women/56.jpg"},"nat":"FI"},{"gender":"male","name":{"title":"mr","first":"gaël","last":"meunier"},"location":{"street":"6795 rue victor-hugo","city":"rueil-malmaison","state":"val-d'oise","postcode":72734},"email":"gaël.meunier@example.com","login":{"username":"redrabbit158","password":"max123","salt":"352EYK36","md5":"8c663a3f92f82980e4b5fe9a365ddfeb","sha1":"ed5ce3ce95df324278852e8cbdc0b622cb0d141b","sha256":"12e745c3daa0a92145d9ee8c345e13c2a6ba8b52e0d653c5f48a5cd83ebb48a9"},"dob":"1986-03-18 09:25:16","registered":"2010-02-17 11:54:38","phone":"03-11-33-35-73","cell":"06-36-24-28-30","id":{"name":"INSEE","value":"186203368564 72"},"picture":{"large":"https://randomuser.me/api/portraits/men/32.jpg","medium":"https://randomuser.me/api/portraits/med/men/32.jpg","thumbnail":"https://randomuser.me/api/portraits/thumb/men/32.jpg"},"nat":"FR"},{"gender":"female","name":{"title":"ms","first":"alejandra","last":"ruiz"},"location":{"street":"2763 paseo de zorrilla","city":"alicante","state":"país vasco","postcode":25110},"email":"alejandra.ruiz@example.com","login":{"username":"yellowkoala853","password":"nurses","salt":"Es1FXT20","md5":"64c63436f132c9b402a4429a6dfd4f45","sha1":"f9bf8b0c1b4126f848ef69126a50110ca356af22","sha256":"14e714257f454d32090e571d5a8bc43b4db7cec85ab9aee9691a1b6cf6f5ddcb"},"dob":"1974-10-25 16:18:19","registered":"2010-02-18 07:31:55","phone":"998-677-436","cell":"643-391-106","id":{"name":"DNI","value":"93764911-A"},"picture":{"large":"https://randomuser.me/api/portraits/women/74.jpg","medium":"https://randomuser.me/api/portraits/med/women/74.jpg","thumbnail":"https://randomuser.me/api/portraits/thumb/women/74.jpg"},"nat":"ES"},{"gender":"male","name":{"title":"mr","first":"carter","last":"park"},"location":{"street":"3026 alfred st","city":"sidney","state":"northwest territories","postcode":96124},"email":"carter.park@example.com","login":{"username":"ticklishleopard638","password":"crimson","salt":"H0Senrv7","md5":"6c2df6c7758a394b7dc49e3870142d77","sha1":"4c8a0d4a5cd9a42c7ac93cd59e56d3d55fdde5b6","sha256":"58a963fe74a61372cb68d806464bb56a8f5ad9b2f36301dfc7dee4fc7ddc6a0e"},"dob":"1970-05-08 00:41:04","registered":"2010-01-21 21:06:31","phone":"110-487-8008","cell":"832-771-6251","id":{"name":"","value":null},"picture":{"large":"https://randomuser.me/api/portraits/men/73.jpg","medium":"https://randomuser.me/api/portraits/med/men/73.jpg","thumbnail":"https://randomuser.me/api/portraits/thumb/men/73.jpg"},"nat":"CA"},{"gender":"male","name":{"title":"mr","first":"gökhan","last":"orbay"},"location":{"street":"5015 kushimoto sk","city":"denizli","state":"aydın","postcode":28453},"email":"gökhan.orbay@example.com","login":{"username":"beautifulpanda778","password":"paladin","salt":"CxScNk7u","md5":"fc7dbfc0e9ba7950dc830e05da8a3c87","sha1":"a3079aaf50443826047024c603ba903d584c7e75","sha256":"9b2bc2434cb84b6a699835a794b6bdba859a3a3b1ae0447b416a7c309790f324"},"dob":"1991-01-07 11:26:36","registered":"2015-03-08 03:10:42","phone":"(737)-893-5074","cell":"(187)-375-3406","id":{"name":"","value":null},"picture":{"large":"https://randomuser.me/api/portraits/men/2.jpg","medium":"https://randomuser.me/api/portraits/med/men/2.jpg","thumbnail":"https://randomuser.me/api/portraits/thumb/men/2.jpg"},"nat":"TR"},{"gender":"male","name":{"title":"mr","first":"kuzey","last":"kıraç"},"location":{"street":"6694 tunalı hilmi cd","city":"kars","state":"adıyaman","postcode":42565},"email":"kuzey.kıraç@example.com","login":{"username":"silverdog912","password":"hotmail0","salt":"rkVg7uba","md5":"7d70d3c754178d24917af340680b2825","sha1":"f6be7eb90bc1e85ff51e06715c75eefa74a69d8e","sha256":"82cb3005da1dd7d78c54fef24b5550d376ba08af24a8a5894b1e657142e5f6fc"},"dob":"1969-04-27 12:30:16","registered":"2008-03-16 17:18:40","phone":"(259)-306-9713","cell":"(231)-952-1167","id":{"name":"","value":null},"picture":{"large":"https://randomuser.me/api/portraits/men/78.jpg","medium":"https://randomuser.me/api/portraits/med/men/78.jpg","thumbnail":"https://randomuser.me/api/portraits/thumb/men/78.jpg"},"nat":"TR"},{"gender":"male","name":{"title":"mr","first":"perry","last":"mccoy"},"location":{"street":"4003 bruce st","city":"elko","state":"illinois","postcode":70237},"email":"perry.mccoy@example.com","login":{"username":"ticklishladybug574","password":"invest","salt":"dZvxyAaJ","md5":"e62431fd4a483551498929853e352790","sha1":"5f832bed208d6bda1c7aa988ba352fe0d814afff","sha256":"68e23c6435ef2f50bbbddd6ac9558237b8f33d61e0897a29e113fd51d71e54f3"},"dob":"1988-11-15 22:56:27","registered":"2003-09-18 19:29:00","phone":"(597)-690-4447","cell":"(448)-080-4278","id":{"name":"SSN","value":"181-15-8141"},"picture":{"large":"https://randomuser.me/api/portraits/men/25.jpg","medium":"https://randomuser.me/api/portraits/med/men/25.jpg","thumbnail":"https://randomuser.me/api/portraits/thumb/men/25.jpg"},"nat":"US"},{"gender":"male","name":{"title":"mr","first":"mohamed","last":"herrero"},"location":{"street":"6725 calle de la democracia","city":"gandía","state":"extremadura","postcode":42266},"email":"mohamed.herrero@example.com","login":{"username":"greendog676","password":"mets","salt":"b01FiM0f","md5":"1c8214709a278d392674b3b02d01736a","sha1":"d2a201aae0ca8db899f0498c9cd249b4438c0b19","sha256":"c8868000581a0569c6894a8efa269b8c8362fe03490e77db88ad76a08f99e385"},"dob":"1968-09-30 08:13:13","registered":"2007-09-20 08:33:49","phone":"990-563-840","cell":"685-808-739","id":{"name":"DNI","value":"81701011-L"},"picture":{"large":"https://randomuser.me/api/portraits/men/79.jpg","medium":"https://randomuser.me/api/portraits/med/men/79.jpg","thumbnail":"https://randomuser.me/api/portraits/thumb/men/79.jpg"},"nat":"ES"},{"gender":"female","name":{"title":"madame","first":"manon","last":"francois"},"location":{"street":"4955 rue duquesne","city":"yens","state":"graubünden","postcode":6490},"email":"manon.francois@example.com","login":{"username":"silverfrog997","password":"presario","salt":"y84vTSDN","md5":"202c8a9de96ac4f83670bd67793e9752","sha1":"f074f08e449e31263e16f79d77131cd1a4936bc2","sha256":"5d02b277d949dd10723bd23a6c6fa7474292986010e615727e6111e91cbb2a7e"},"dob":"1951-01-02 10:02:15","registered":"2014-01-30 16:01:14","phone":"(942)-151-0720","cell":"(927)-406-6093","id":{"name":"AVS","value":"756.KYSW.BAYA.76"},"picture":{"large":"https://randomuser.me/api/portraits/women/11.jpg","medium":"https://randomuser.me/api/portraits/med/women/11.jpg","thumbnail":"https://randomuser.me/api/portraits/thumb/women/11.jpg"},"nat":"CH"},{"gender":"female","name":{"title":"mrs","first":"anna","last":"green"},"location":{"street":"6399 springs road","city":"auckland","state":"bay of plenty","postcode":83187},"email":"anna.green@example.com","login":{"username":"beautifulmouse321","password":"richard","salt":"IJOcCdgD","md5":"f50cec7f4e2821e318dcc1a04374785a","sha1":"f4afcd257a5d92a2a95fbf7da90e19e89c3519e5","sha256":"842a3f8b77ebc1351defadbea5b3b37073e2aaf5a950f1ce16a9ff4eb8e6b805"},"dob":"1989-08-03 16:47:17","registered":"2016-04-30 14:54:00","phone":"(530)-163-2871","cell":"(486)-467-5782","id":{"name":"","value":null},"picture":{"large":"https://randomuser.me/api/portraits/women/34.jpg","medium":"https://randomuser.me/api/portraits/med/women/34.jpg","thumbnail":"https://randomuser.me/api/portraits/thumb/women/34.jpg"},"nat":"NZ"},{"gender":"male","name":{"title":"mr","first":"louis","last":"denys"},"location":{"street":"9658 bay ave","city":"cornwall","state":"nunavut","postcode":40554},"email":"louis.denys@example.com","login":{"username":"blackbutterfly656","password":"coucou","salt":"UM6hz3I6","md5":"79579aa52cb347681ddebf5dcd52b068","sha1":"1db08fcf6cf4ff4e038cd4011d3df2eff8438a11","sha256":"64afe90f786a6a96a4d5efc5776c15072b0f588344c8d0e3d20353da351c1b18"},"dob":"1974-03-24 15:47:49","registered":"2005-03-23 04:22:45","phone":"344-638-7736","cell":"347-697-8697","id":{"name":"","value":null},"picture":{"large":"https://randomuser.me/api/portraits/men/6.jpg","medium":"https://randomuser.me/api/portraits/med/men/6.jpg","thumbnail":"https://randomuser.me/api/portraits/thumb/men/6.jpg"},"nat":"CA"},{"gender":"male","name":{"title":"mr","first":"peetu","last":"murto"},"location":{"street":"2507 reijolankatu","city":"sotkamo","state":"north karelia","postcode":34234},"email":"peetu.murto@example.com","login":{"username":"heavypeacock956","password":"alexa","salt":"0X38SCKF","md5":"583f78ace75fb4add442875bc0944f2b","sha1":"6a0dafd03ad40f66bb15419f74dc1464ba634128","sha256":"75031dc2211651040f500a8c87e2bf1bd1d3b9b55060caf6d576782fd2e2487b"},"dob":"1956-11-22 01:39:48","registered":"2012-04-10 10:56:14","phone":"05-671-645","cell":"045-227-80-62","id":{"name":"HETU","value":"1456-503Y"},"picture":{"large":"https://randomuser.me/api/portraits/men/7.jpg","medium":"https://randomuser.me/api/portraits/med/men/7.jpg","thumbnail":"https://randomuser.me/api/portraits/thumb/men/7.jpg"},"nat":"FI"},{"gender":"female","name":{"title":"mrs","first":"lauren","last":"grant"},"location":{"street":"6390 herbert road","city":"longford","state":"carlow","postcode":36101},"email":"lauren.grant@example.com","login":{"username":"goldenbear729","password":"myspace1","salt":"IYOromZp","md5":"6358299c4b377dc0c0ed15d270a02485","sha1":"a1f197b5aa92a6341bb766f008c99f11124ec947","sha256":"6ec96338d7e1c28c18d6a2ba2f08f80970e02ad6d1ab4efc0fdd3f5af9579dba"},"dob":"1969-06-04 18:55:54","registered":"2014-08-19 07:08:40","phone":"041-254-3546","cell":"081-117-5473","id":{"name":"PPS","value":"0602294T"},"picture":{"large":"https://randomuser.me/api/portraits/women/94.jpg","medium":"https://randomuser.me/api/portraits/med/women/94.jpg","thumbnail":"https://randomuser.me/api/portraits/thumb/women/94.jpg"},"nat":"IE"},{"gender":"female","name":{"title":"mrs","first":"elena","last":"müller"},"location":{"street":"2215 bahnhofstraße","city":"bad tölz-wolfratshausen","state":"hessen","postcode":63873},"email":"elena.müller@example.com","login":{"username":"lazywolf661","password":"party","salt":"BjDG6zvc","md5":"45f5c4d797264d281854a4781d740fb8","sha1":"402a0217b097023f9f2e72adf23a8a8cd518834e","sha256":"3ba659ed92925fbc4cadaafeab43cb62f8442f18e7ffebff02debe15cf2230ad"},"dob":"1973-02-13 02:27:30","registered":"2015-05-22 04:09:52","phone":"0511-2522623","cell":"0175-4623428","id":{"name":"","value":null},"picture":{"large":"https://randomuser.me/api/portraits/women/6.jpg","medium":"https://randomuser.me/api/portraits/med/women/6.jpg","thumbnail":"https://randomuser.me/api/portraits/thumb/women/6.jpg"},"nat":"DE"},{"gender":"male","name":{"title":"mr","first":"ryan","last":"wright"},"location":{"street":"9991 ferguson street","city":"masterton","state":"tasman","postcode":43192},"email":"ryan.wright@example.com","login":{"username":"yellowelephant428","password":"hotlips","salt":"cFaMaXZ4","md5":"674b39e8fab42f2c846803154e6521a3","sha1":"92fb1e65028cc37e6512ac29e8e2b077d8474313","sha256":"00b3dc7941db23b86bc7c7e086398d66c2d1a3b6d90043cecc7f33265103a6b1"},"dob":"1945-06-26 22:01:28","registered":"2007-11-03 17:05:16","phone":"(713)-822-5735","cell":"(409)-977-1472","id":{"name":"","value":null},"picture":{"large":"https://randomuser.me/api/portraits/men/94.jpg","medium":"https://randomuser.me/api/portraits/med/men/94.jpg","thumbnail":"https://randomuser.me/api/portraits/thumb/men/94.jpg"},"nat":"NZ"},{"gender":"female","name":{"title":"miss","first":"آوینا","last":"گلشن"},"location":{"street":"4350 شهید رحمانی","city":"بجنورد","state":"اردبیل","postcode":84522},"email":"آوینا.گلشن@example.com","login":{"username":"bluesnake435","password":"3ip76k2","salt":"Fd0YOgan","md5":"d344882bbc192793cd7dfa69acd3209a","sha1":"0064cd873395b350cb9051dd7c8eb7c40421759a","sha256":"8870e069840d5264204cfd745c9ad058b95b9bcbd0748b9673aaf8c981e13cd2"},"dob":"1962-09-28 07:23:30","registered":"2007-09-17 13:26:54","phone":"052-96534999","cell":"0909-660-0605","id":{"name":"","value":null},"picture":{"large":"https://randomuser.me/api/portraits/women/75.jpg","medium":"https://randomuser.me/api/portraits/med/women/75.jpg","thumbnail":"https://randomuser.me/api/portraits/thumb/women/75.jpg"},"nat":"IR"},{"gender":"male","name":{"title":"mr","first":"lauri","last":"koivisto"},"location":{"street":"1155 otavalankatu","city":"varkaus","state":"tavastia proper","postcode":14238},"email":"lauri.koivisto@example.com","login":{"username":"brownrabbit279","password":"seminole","salt":"sdlPSp5t","md5":"1ee4a3932524f2b374d351b8adb82f9d","sha1":"a816a59ceec9f37758b38319ad743c10f3f20967","sha256":"592309e6e924c6fd1ff373cab124e4e322393ab1ffa18e5ef83e7805ca60e83a"},"dob":"1975-09-25 08:02:54","registered":"2012-02-09 06:44:34","phone":"04-099-762","cell":"043-010-65-52","id":{"name":"HETU","value":"1275-789F"},"picture":{"large":"https://randomuser.me/api/portraits/men/71.jpg","medium":"https://randomuser.me/api/portraits/med/men/71.jpg","thumbnail":"https://randomuser.me/api/portraits/thumb/men/71.jpg"},"nat":"FI"},{"gender":"female","name":{"title":"mrs","first":"christina","last":"hildebrandt"},"location":{"street":"3316 berliner straße","city":"uckermark","state":"hamburg","postcode":28016},"email":"christina.hildebrandt@example.com","login":{"username":"blackswan332","password":"comfort","salt":"6X8bzNI6","md5":"10c637e74c46c8b1342801d05fb8fdd8","sha1":"dc2d1ec1c960b7f883f77901aef5ac862eefa611","sha256":"dba82b6d2332af0b951b67103b281f30634c66cb7b69118c32275bedb3208260"},"dob":"1976-10-21 12:25:13","registered":"2006-06-05 03:34:07","phone":"0420-1169544","cell":"0176-5481371","id":{"name":"","value":null},"picture":{"large":"https://randomuser.me/api/portraits/women/54.jpg","medium":"https://randomuser.me/api/portraits/med/women/54.jpg","thumbnail":"https://randomuser.me/api/portraits/thumb/women/54.jpg"},"nat":"DE"},{"gender":"male","name":{"title":"monsieur","first":"julien","last":"guerin"},"location":{"street":"8976 esplanade du 9 novembre 1989","city":"montricher","state":"basel-landschaft","postcode":5729},"email":"julien.guerin@example.com","login":{"username":"redgoose211","password":"thumb","salt":"GIpfyl2Q","md5":"1c5b6cc490e1382108e4c00f500619b2","sha1":"557f56a06739c5b56fd4a84a7f7a426cb5ccd699","sha256":"c3005726e8af922b8c8fa6bb2f864785137c3ad75f9577de32731da6303654d0"},"dob":"1995-03-21 06:32:46","registered":"2015-07-03 19:22:13","phone":"(577)-580-6586","cell":"(628)-965-5699","id":{"name":"AVS","value":"756.FLLI.BDGC.07"},"picture":{"large":"https://randomuser.me/api/portraits/men/22.jpg","medium":"https://randomuser.me/api/portraits/med/men/22.jpg","thumbnail":"https://randomuser.me/api/portraits/thumb/men/22.jpg"},"nat":"CH"}],"info":{"seed":"b58e84b1f0ce4e9f","results":20,"page":1,"version":"1.1"}}
